An anime element has been updated,2024-04-25,14:29:00
An anime element has been updated,2024-04-25,14:31:45
An anime element has been deleted,2024-04-25,14:31:52
A new anime element has been added,2024-04-25,14:32:45
A new anime element has been added,2024-04-26,11:40:23
An anime element has been updated,2024-04-26,11:40:31
An anime element has been deleted,2024-04-26,11:40:38
An anime element has been updated,2024-04-26,10:15:59
A new anime element has been added,2024-04-26,15:10:56
An anime element has been updated,2024-04-26,15:13:32
An anime element has been deleted,2024-04-29,19:04:32
An anime element has been deleted,2024-04-29,19:04:35
An anime element has been deleted,2024-04-29,19:07:57
An anime element has been updated,2024-04-29,22:27:30
An anime element has been updated,2024-04-29,23:00:37
An anime element has been updated,2024-04-29,23:03:19
A new anime element has been added,2024-05-03,15:21:39
A new anime element has been added,2024-05-03,16:55:24
An anime element has been updated,2024-05-03,16:56:45
An anime element has been updated,2024-05-03,16:57:01
An anime element has been updated,2024-05-03,17:29:15
An anime element has been updated,2024-05-03,17:29:27
An anime element has been updated,2024-05-04,00:43:36
An anime element has been deleted,2024-05-04,00:47:53
A new anime element has been added,2024-05-04,00:48:28
An anime element has been deleted,2024-05-04,00:48:33
An anime element has been updated,2024-05-04,00:56:06
An anime element has been updated,2024-05-05,21:35:30
A new anime element has been added,2024-05-05,21:35:49
A new anime element has been added,2024-05-06,10:21:02
A new anime element has been added,2024-05-06,10:21:06
An anime element has been updated,2024-05-06,10:21:54
An anime element has been updated,2024-05-06,10:22:54
A new anime element has been added,2024-05-06,10:23:02
An anime element has been updated,2024-05-06,10:24:59
An anime element has been deleted,2024-05-06,10:25:05
An anime element has been deleted,2024-05-06,10:25:09
An anime element has been deleted,2024-05-06,10:25:13
An anime element has been updated,2024-05-06,10:25:30
An anime element has been deleted,2024-05-06,10:25:35
A new anime element has been added,2024-05-06,11:01:37
An anime element has been updated,2024-05-06,11:01:48
A new anime element has been added,2024-05-06,13:26:40
A new anime element has been added,2024-05-06,13:32:11
An anime element has been deleted,2024-05-06,13:32:18
An anime element has been deleted,2024-05-06,13:32:24
A new anime element has been added,2024-05-06,13:33:28
A new anime element has been added,2024-05-06,13:35:09
A new anime element has been added,2024-05-06,13:38:21
A new anime element has been added,2024-05-06,13:38:42
An anime element has been updated,2024-05-06,13:38:51
An anime element has been deleted,2024-05-06,13:39:18
An anime element has been updated,2024-05-06,13:39:23
An anime element has been deleted,2024-05-06,13:39:26
An anime element has been deleted,2024-05-06,13:39:29
An anime element has been updated,2024-05-06,13:39:40
An anime element has been updated,2024-05-06,13:39:47
An anime element has been updated,2024-05-06,13:39:59
An anime element has been updated,2024-05-06,13:42:41
An anime element has been updated,2024-05-06,13:42:56
An anime element has been deleted,2024-05-06,13:42:59
A new anime element has been added,2024-05-06,13:43:04
A new anime element has been added,2024-05-06,13:43:31
An anime element has been updated,2024-05-06,13:43:40
A new anime element has been added,2024-05-06,13:48:29
An anime element has been deleted,2024-05-06,13:48:34
An anime element has been deleted,2024-05-06,13:48:38
An anime element has been deleted,2024-05-06,13:48:40
A new anime element has been added,2024-05-06,13:48:46
An anime element has been deleted,2024-05-06,13:48:50
An anime element has been updated,2024-05-06,13:50:53
An anime element has been updated,2024-05-06,13:52:55
An anime element has been updated,2024-05-06,13:54:24
An anime element has been updated,2024-05-06,13:54:38
An anime element has been updated,2024-05-06,13:55:02
An anime element has been updated,2024-05-06,14:12:18
An anime element has been updated,2024-05-06,14:12:38
An anime element has been updated,2024-05-06,14:19:41
An anime element has been updated,2024-05-06,14:19:49
A new anime element has been added,2024-05-06,14:19:55
An anime element has been deleted,2024-05-06,14:19:58
An anime element has been updated,2024-05-06,14:21:17
An anime element has been updated,2024-05-06,14:21:22
An anime element has been updated,2024-05-06,14:22:48
An anime element has been updated,2024-05-06,14:27:02
An anime element has been updated,2024-05-06,14:28:08
A new anime element has been added,2024-05-06,14:28:17
An anime element has been deleted,2024-05-06,14:28:20
A new anime element has been added,2024-05-06,14:28:36
An anime element has been deleted,2024-05-06,14:28:41
An anime element has been updated,2024-05-06,14:29:52
A new anime element has been added,2024-05-06,14:29:59
An anime element has been updated,2024-05-06,14:30:05
A new anime element has been added,2024-05-06,14:30:11
An anime element has been deleted,2024-05-06,14:30:14
An anime element has been deleted,2024-05-06,14:30:17
An anime element has been updated,2024-05-06,14:31:30
A new anime element has been added,2024-05-06,14:31:34
An anime element has been updated,2024-05-06,14:31:38
A new anime element has been added,2024-05-06,14:31:43
An anime element has been deleted,2024-05-06,14:32:55
An anime element has been updated,2024-05-06,14:33:03
A new anime element has been added,2024-05-06,14:33:50
An anime element has been updated,2024-05-06,14:33:54
An anime element has been deleted,2024-05-06,14:33:58
An anime element has been deleted,2024-05-06,14:34:01
An anime element has been updated,2024-05-06,14:52:57
A new anime element has been added,2024-05-06,14:53:22
An anime element has been updated,2024-05-06,14:54:07
An anime element has been updated,2024-05-06,15:19:57
A new anime element has been added,2024-05-06,15:24:49
An anime element has been updated,2024-05-06,15:24:55
An anime element has been deleted,2024-05-06,15:24:59
A new anime element has been added,2024-05-06,15:30:26
An anime element has been updated,2024-05-06,15:30:58
An anime element has been deleted,2024-05-06,15:31:02
An anime element has been updated,2024-05-06,15:33:07
An anime element has been updated,2024-05-06,15:33:10
A new anime element has been added,2024-05-06,15:33:17
An anime element has been deleted,2024-05-06,15:34:08
An anime element has been deleted,2024-05-06,15:34:15
An anime element has been deleted,2024-05-06,15:34:19
A new anime element has been added,2024-05-06,15:51:16
An anime element has been deleted,2024-05-06,15:51:21
An anime element has been updated,2024-05-06,15:52:14
A new anime element has been added,2024-05-06,16:01:12
An anime element has been deleted,2024-05-06,16:01:20
An anime element has been updated,2024-05-06,16:04:08
A new anime element has been added,2024-05-06,16:19:14
An anime element has been updated,2024-05-06,16:21:42
A new anime element has been added,2024-05-11,20:25:42
A new anime element has been added,2024-05-17,18:23:19
An anime element has been deleted,2024-05-23,14:22:21
A new anime element has been added,2024-05-23,14:22:47
An anime element has been deleted,2024-05-23,14:22:50
An anime element has been updated,2024-05-23,18:52:08
An anime element has been updated,2024-05-23,18:52:41
An anime element has been deleted,2024-05-23,18:52:53
An anime element has been deleted,2024-05-27,16:09:27
An anime element has been updated,2024-05-27,16:14:41
An anime element has been deleted,2024-05-27,16:42:36
An anime element has been updated,2024-05-27,16:42:43
An anime element has been updated,2024-05-27,16:42:43
An anime element has been updated,2024-05-27,16:47:34
An anime element has been updated,2024-05-27,16:48:56
An anime element has been updated,2024-05-29,10:09:29
An anime element has been deleted,2024-06-12,16:31:21
An anime element has been deleted,2024-06-12,16:42:12
An anime element has been deleted,2024-06-12,16:42:15
An anime element has been deleted,2024-06-12,16:42:18
An anime element has been updated,2024-06-12,16:44:31
An anime element has been updated,2024-06-12,16:57:44
An anime element has been deleted,2024-06-12,16:57:49
An anime element has been deleted,2024-06-12,16:57:53
An anime element has been deleted,2024-06-12,17:19:09
An anime element has been created,2024-06-15,20:16:46
An anime element has been deleted,2024-06-15,20:18:51
An anime element has been created,2024-06-15,20:20:12
An anime element has been updated,2024-06-15,20:20:19
An anime element has been updated,2024-06-15,20:21:02
An anime element has been updated,2024-06-15,20:21:21
An anime element has been updated,2024-06-15,20:21:44
An anime element has been created,2024-06-15,20:21:49
An anime element has been deleted,2024-06-15,20:21:56
An anime element has been created,2024-06-15,21:11:26
An anime element has been created,2024-06-15,21:12:27
An anime element has been updated,2024-06-15,21:12:35
An anime element has been deleted,2024-06-15,21:12:39
An anime element has been deleted,2024-06-15,21:12:42
An anime element has been created,2024-06-15,21:12:45
An anime element has been created,2024-06-15,21:12:49
An anime element has been deleted,2024-06-15,21:12:52
An anime element has been deleted,2024-06-15,21:12:55
An anime element has been created,2024-06-15,21:14:16
An anime element has been deleted,2024-06-15,21:14:19
An anime element has been created,2024-06-15,21:14:24
An anime element has been deleted,2024-06-15,21:16:30
An anime element has been created,2024-06-15,21:16:37
An anime element has been deleted,2024-06-15,21:16:41
An anime element has been updated,2024-06-15,21:17:56
An anime element has been created,2024-06-15,21:21:18
An anime element has been deleted,2024-06-15,21:21:25
An anime element has been created,2024-06-15,21:22:53
An anime element has been updated,2024-06-15,21:23:08
An anime element has been updated,2024-06-15,21:23:29
An anime element has been updated,2024-06-15,21:23:37
An anime element has been updated,2024-06-15,21:23:42
An anime element has been created,2024-06-15,21:40:56
An anime element has been updated,2024-06-15,21:41:16
An anime element has been updated,2024-06-16,17:43:20
An anime element has been deleted,2024-06-16,17:43:32
An anime element has been created,2024-06-16,19:10:40
An anime element has been updated,2024-06-19,14:17:04
An anime element has been updated,2024-06-19,14:31:54
An anime element has been created,2024-06-19,14:33:44
